{
	"partitions" : [
		{
			"name" : "Top",
			"pins" : [
				{
					"name" : "disp0[6]",
					"strict" : false
				},
				{
					"name" : "disp0[5]",
					"strict" : false
				},
				{
					"name" : "disp0[4]",
					"strict" : false
				},
				{
					"name" : "disp0[3]",
					"strict" : false
				},
				{
					"name" : "disp0[2]",
					"strict" : false
				},
				{
					"name" : "disp0[1]",
					"strict" : false
				},
				{
					"name" : "disp0[0]",
					"strict" : false
				},
				{
					"name" : "disp1[6]",
					"strict" : false
				},
				{
					"name" : "disp1[5]",
					"strict" : false
				},
				{
					"name" : "disp1[4]",
					"strict" : false
				},
				{
					"name" : "disp1[3]",
					"strict" : false
				},
				{
					"name" : "disp1[2]",
					"strict" : false
				},
				{
					"name" : "disp1[1]",
					"strict" : false
				},
				{
					"name" : "disp1[0]",
					"strict" : false
				},
				{
					"name" : "disp2[6]",
					"strict" : false
				},
				{
					"name" : "disp2[5]",
					"strict" : false
				},
				{
					"name" : "disp2[4]",
					"strict" : false
				},
				{
					"name" : "disp2[3]",
					"strict" : false
				},
				{
					"name" : "disp2[2]",
					"strict" : false
				},
				{
					"name" : "disp2[1]",
					"strict" : false
				},
				{
					"name" : "disp2[0]",
					"strict" : false
				},
				{
					"name" : "clk",
					"strict" : false
				},
				{
					"name" : "switches[0]",
					"strict" : false
				},
				{
					"name" : "switches[1]",
					"strict" : false
				},
				{
					"name" : "switches[2]",
					"strict" : false
				},
				{
					"name" : "switches[3]",
					"strict" : false
				},
				{
					"name" : "switches[4]",
					"strict" : false
				},
				{
					"name" : "switches[5]",
					"strict" : false
				},
				{
					"name" : "switches[6]",
					"strict" : false
				},
				{
					"name" : "switches[7]",
					"strict" : false
				}
			]
		}
	]
}