{
	"partitions" : [
		{
			"name" : "Top",
			"pins" : [
				{
					"name" : "ctrl_out",
					"strict" : false
				},
				{
					"name" : "negative",
					"strict" : false
				},
				{
					"name" : "255eu",
					"strict" : false
				},
				{
					"name" : "disp0[6]",
					"strict" : false
				},
				{
					"name" : "disp0[5]",
					"strict" : false
				},
				{
					"name" : "disp0[4]",
					"strict" : false
				},
				{
					"name" : "disp0[3]",
					"strict" : false
				},
				{
					"name" : "disp0[2]",
					"strict" : false
				},
				{
					"name" : "disp0[1]",
					"strict" : false
				},
				{
					"name" : "disp0[0]",
					"strict" : false
				},
				{
					"name" : "disp1[6]",
					"strict" : false
				},
				{
					"name" : "disp1[5]",
					"strict" : false
				},
				{
					"name" : "disp1[4]",
					"strict" : false
				},
				{
					"name" : "disp1[3]",
					"strict" : false
				},
				{
					"name" : "disp1[2]",
					"strict" : false
				},
				{
					"name" : "disp1[1]",
					"strict" : false
				},
				{
					"name" : "disp1[0]",
					"strict" : false
				},
				{
					"name" : "disp2[6]",
					"strict" : false
				},
				{
					"name" : "disp2[5]",
					"strict" : false
				},
				{
					"name" : "disp2[4]",
					"strict" : false
				},
				{
					"name" : "disp2[3]",
					"strict" : false
				},
				{
					"name" : "disp2[2]",
					"strict" : false
				},
				{
					"name" : "disp2[1]",
					"strict" : false
				},
				{
					"name" : "disp2[0]",
					"strict" : false
				},
				{
					"name" : "CONTROL",
					"strict" : false
				},
				{
					"name" : "sw[7]",
					"strict" : false
				},
				{
					"name" : "sw[6]",
					"strict" : false
				},
				{
					"name" : "sw[5]",
					"strict" : false
				},
				{
					"name" : "sw[4]",
					"strict" : false
				},
				{
					"name" : "sw[3]",
					"strict" : false
				},
				{
					"name" : "sw[2]",
					"strict" : false
				},
				{
					"name" : "sw[1]",
					"strict" : false
				},
				{
					"name" : "sw[0]",
					"strict" : false
				},
				{
					"name" : "CLOCK",
					"strict" : false
				},
				{
					"name" : "RESET",
					"strict" : false
				},
				{
					"name" : "CLOCK_AUTO",
					"strict" : false
				}
			]
		}
	]
}